id,conversation_id,created_at,date,time,timezone,user_id,username,name,place,tweet,language,mentions,urls,photos,replies_count,retweets_count,likes_count,hashtags,cashtags,link,retweet,quote_url,video,thumbnail,near,geo,source,user_rt_id,user_rt,retweet_id,reply_to,retweet_date,translate,trans_src,trans_dest
1403005262575792133,1403005262575792133,2021-06-10 18:04:55 ???? ??? ???????,2021-06-10,18:04:55,+0300,18576537,idf,Israel Defense Forces,,"In the heroic battles during the Six Day War, we successfully defended the State of Israel against enemy countries on three different fronts, in just six days.   We remember those who fell in battle &amp; salute our brave soldiers who fought 54 years ago.  📸: IDF Archives and MOD  https://t.co/TUrjDjxq7m",en,[],[],"['https://pbs.twimg.com/media/E3h52QYVgAE55Dm.jpg', 'https://pbs.twimg.com/media/E3h52P7XwAEOCjy.jpg', 'https://pbs.twimg.com/media/E3h52P7WYAMQ7Z_.jpg']",905,836,5442,[],[],https://twitter.com/IDF/status/1403005262575792133,False,,1,https://pbs.twimg.com/media/E3h52QYVgAE55Dm.jpg,,,,,,,[],,,,
1401943029792006145,1401943029792006145,2021-06-07 19:43:59 ???? ??? ???????,2021-06-07,19:43:59,+0300,18576537,idf,Israel Defense Forces,,"OPERATION OPERA  40 years ago today, 8 IAF ""Netz"" F-16A/B fighter jets destroyed one of the largest threats to Israel at the time—an Iraqi nuclear reactor southeast of Baghdad—in one of the most daring operations in IAF history.  📸: PM Begin meeting the participating aircrews.  https://t.co/TmxroLLk3h",en,[],[],['https://pbs.twimg.com/media/E3SzvqZX0AAQH5p.jpg'],649,679,4078,[],[],https://twitter.com/IDF/status/1401943029792006145,False,,1,https://pbs.twimg.com/media/E3SzvqZX0AAQH5p.jpg,,,,,,,[],,,,
1401615596060655620,1401615596060655620,2021-06-06 22:02:53 ???? ??? ???????,2021-06-06,22:02:53,+0300,18576537,idf,Israel Defense Forces,,"Introducing the new @IDFSpokesperson, Brig. Gen. Ran Kochav.  A ceremony marking the transfer of command was held earlier today with the outgoing IDF Spokesperson, Brig. Gen. Hidai Zilberman &amp; Head of the IDF Operations Directorate, Maj. Gen. Aharon Haliva.  https://t.co/a6Se4ZhkDD",en,"[{'screen_name': 'idfspokesperson', 'name': 'רן כוכב (רנכו) - ran kochav', 'id': '1055322367013076992'}]",[],['https://pbs.twimg.com/media/E3OJ8ybWYAUYayv.jpg'],367,188,1421,[],[],https://twitter.com/IDF/status/1401615596060655620,False,,1,https://pbs.twimg.com/media/E3OJ8ybWYAUYayv.jpg,,,,,,,[],,,,
1401606703230197769,1401606703230197769,2021-06-06 21:27:33 ???? ??? ???????,2021-06-06,21:27:33,+0300,18576537,idf,Israel Defense Forces,,"Hamas hides in civilian buildings in Gaza. Don’t believe us?  Hear it for yourself from the Head of Hamas in Gaza, Yahya Sinwar:  https://t.co/rcFPSmEfRZ",en,[],[],[],781,2201,5364,[],[],https://twitter.com/IDF/status/1401606703230197769,False,,1,https://pbs.twimg.com/ext_tw_video_thumb/1401606522828886017/pu/img/pCuJrT65SmjeuD2s.jpg,,,,,,,[],,,,
1401577184167444481,1401577184167444481,2021-06-06 19:30:15 ???? ??? ???????,2021-06-06,19:30:15,+0300,18576537,idf,Israel Defense Forces,,"FALCON STRIKE 🇮🇱  🇮🇹  🇬🇧  🇺🇸  For the first time, the @IAFsite ‘Adir’ squadron will be deployed in an international F-35 exercise in Italy, beginning today, with @ItalianAirForce, @USMC, @RoyalAirForce, &amp; @USAirForce.  Together with our allies, we soar higher every day.  https://t.co/sWRQTgLcDX",en,"[{'screen_name': 'iafsite', 'name': 'israeli air force', 'id': '4651329203'}, {'screen_name': 'italianairforce', 'name': 'aeronautica militare', 'id': '1280597143'}, {'screen_name': 'usmc', 'name': 'u.s. marines', 'id': '10126672'}, {'screen_name': 'royalairforce', 'name': 'royal air force', 'id': '92943533'}, {'screen_name': 'usairforce', 'name': 'u.s. air force', 'id': '19611483'}]",[],['https://pbs.twimg.com/media/E3NnBHuWUAAv1qE.jpg'],374,602,4445,[],[],https://twitter.com/IDF/status/1401577184167444481,False,,1,https://pbs.twimg.com/media/E3NnBHuWUAAv1qE.jpg,,,,,,,[],,,,
1400819385984598016,1400819385984598016,2021-06-04 17:19:02 ???? ??? ???????,2021-06-04,17:19:02,+0300,18576537,idf,Israel Defense Forces,,"The eyes of our country.   Congratulations to our newest field observer soldiers, who protect us along all of Israel's borders.   📸: Igal Slavin  https://t.co/Ujz05x3ndE",en,[],[],"['https://pbs.twimg.com/media/E3C1zSdXEAgsxm8.jpg', 'https://pbs.twimg.com/media/E3C1yqJXEAE63M3.jpg', 'https://pbs.twimg.com/media/E3C1yqNX0AUcJfZ.jpg']",1373,1039,8899,[],[],https://twitter.com/IDF/status/1400819385984598016,False,,1,https://pbs.twimg.com/media/E3C1zSdXEAgsxm8.jpg,,,,,,,[],,,,
1400087778730328074,1400087778730328074,2021-06-02 16:51:53 ???? ??? ???????,2021-06-02,16:51:53,+0300,18576537,idf,Israel Defense Forces,,"In cooperation with the Israel Security Agency we apprehended a senior Hamas official in Judea &amp; Samaria, Sheikh Jamal Al Tawil, last night in Ramallah.  Al Tawil recently took part in organizing violent riots, incitement to violence &amp; reestablishment of the Hamas HQ in Ramallah.",en,[],[],[],808,876,5244,[],[],https://twitter.com/IDF/status/1400087778730328074,False,,0,,,,,,,,[],,,,
1399461421667266570,1399461421667266570,2021-05-31 23:22:58 ???? ??? ???????,2021-05-31,23:22:58,+0300,18576537,idf,Israel Defense Forces,,"On this #MemorialDay, we stand with the United States of America remembering the men and women who fell while serving to defend freedom.  Their sacrifice will not be forgotten.  🇺🇸🇮🇱",en,[],[],[],1005,2085,13746,['memorialday'],[],https://twitter.com/IDF/status/1399461421667266570,False,,0,,,,,,,,[],,,,
1399379322780241922,1399379322780241922,2021-05-31 17:56:44 ???? ??? ???????,2021-05-31,17:56:44,+0300,18576537,idf,Israel Defense Forces,,"Hamas uses its power to benefit the people of Gaza, right?  Wrong. This is where Hamas’ money really goes:  https://t.co/y2pZ2B0hPB",en,[],[],[],1054,1617,4563,[],[],https://twitter.com/IDF/status/1399379322780241922,False,,1,https://pbs.twimg.com/media/E2uYABrXIAknVMI.jpg,,,,,,,[],,,,
1398279198226198528,1398279198226198528,2021-05-28 17:05:14 ???? ??? ???????,2021-05-28,17:05:14,+0300,18576537,idf,Israel Defense Forces,,The silver lining to all our hard work?   Knowing that we keep Israel safe.  Shabbat Shalom.  https://t.co/1Y195TnDqV,en,[],[],"['https://pbs.twimg.com/media/E2evgusWUAEI2T2.jpg', 'https://pbs.twimg.com/media/E2evgupWUAYDKVZ.jpg']",1474,1119,9897,[],[],https://twitter.com/IDF/status/1398279198226198528,False,,1,https://pbs.twimg.com/media/E2evgusWUAEI2T2.jpg,,,,,,,[],,,,
1397930644588535816,1397930644588535816,2021-05-27 18:00:12 ???? ??? ???????,2021-05-27,18:00:12,+0300,18576537,idf,Israel Defense Forces,,"Fact: Of the 4,300+ rockets that Hamas and Islamic Jihad fired at Israel during Operation Guardian of the Walls, 680 misfired and exploded inside Gaza, killing and injuring their own civilians.  https://t.co/nbFqoTOMjf",en,[],[],['https://pbs.twimg.com/media/E2ZygexXIAELjsE.jpg'],1512,4273,12298,[],[],https://twitter.com/IDF/status/1397930644588535816,False,,1,https://pbs.twimg.com/media/E2ZygexXIAELjsE.jpg,,,,,,,[],,,,
1397568298628304900,1397568298628304900,2021-05-26 18:00:22 ???? ??? ???????,2021-05-26,18:00:22,+0300,18576537,idf,Israel Defense Forces,,"""היום הזה נהייתם צבא"" ""On this day you became an army""  Pictured: Soldiers at the IDF's very first swearing-in ceremony in 1948  On our 73rd birthday, we salute all the soldiers who fought for the existence of Israel &amp; reaffirm our ongoing mission to defend our nation.  https://t.co/OD1p6KLooR",en,[],[],['https://pbs.twimg.com/media/E2Uo9K-X0AM2jS8.jpg'],1068,1045,6641,[],[],https://twitter.com/IDF/status/1397568298628304900,False,,1,https://pbs.twimg.com/media/E2Uo9K-X0AM2jS8.jpg,,,,,,,[],,,,
1397531611059691527,1397531611059691527,2021-05-26 15:34:35 ???? ??? ???????,2021-05-26,15:34:35,+0300,18576537,idf,Israel Defense Forces,,"Hamas’ leader in Gaza, Yahya Sinwar, came out of hiding for a photo op. Watch him proudly display a child holding a firearm.  Does this look like an organization that wants peace?  https://t.co/omYzV04yR3",en,[],[],[],4557,10276,24002,[],[],https://twitter.com/IDF/status/1397531611059691527,False,,1,https://pbs.twimg.com/ext_tw_video_thumb/1397530967364055046/pu/img/zO0qLQn2NGPXIMke.jpg,,,,,,,[],,,,
1396846102314422272,1396846102314422272,2021-05-24 18:10:37 ???? ??? ???????,2021-05-24,18:10:37,+0300,18576537,idf,Israel Defense Forces,,"“There are people in this room who have saved lives—remember that this is what the IDF stands for.""  —IDF Chief of Staff LTG Aviv Kohavi at the Southern Command HQ yesterday as part of a series of visits to units which participated in Operation Guardian of the Walls  https://t.co/UXq3Q8zFMl",en,[],[],['https://pbs.twimg.com/media/E2KYH38WYAY1Gwt.jpg'],1080,912,6080,[],[],https://twitter.com/IDF/status/1396846102314422272,False,,1,https://pbs.twimg.com/media/E2KYH38WYAY1Gwt.jpg,,,,,,,[],,,,
1396785316669927427,1396785316669927427,2021-05-24 14:09:05 ???? ??? ???????,2021-05-24,14:09:05,+0300,18576537,idf,Israel Defense Forces,,An IDF soldier was moderately wounded in a stabbing attack in Jerusalem. The soldier received medical treatment at the scene and has been evacuated to a hospital for further treatment.,en,[],[],[],935,1415,8370,[],[],https://twitter.com/IDF/status/1396785316669927427,False,,0,,,,,,,,[],,,,
1396170789305659402,1396170789305659402,2021-05-22 21:27:10 ???? ??? ???????,2021-05-22,21:27:10,+0300,18576537,idf,Israel Defense Forces,,The IDF has successfully completed Operation Guardian of the Walls. This is what the 12-day-long operation looked like in numbers:  https://t.co/AM2WoqPx4K,en,[],[],['https://pbs.twimg.com/media/E2Ax7LoXMAEgWM1.jpg'],3529,4684,20896,[],[],https://twitter.com/IDF/status/1396170789305659402,False,,1,https://pbs.twimg.com/media/E2Ax7LoXMAEgWM1.jpg,,,,,,,[],,,,
1395766221547638788,1395766221547638788,2021-05-21 18:39:33 ???? ??? ???????,2021-05-21,18:39:33,+0300,18576537,idf,Israel Defense Forces,,"Day and night, Iron Dome Aerial Defense System operators work hard to keep the State of Israel safe.   They want to wish you Shabbat Shalom!  https://t.co/hPw9dOn6rG",en,[],[],"['https://pbs.twimg.com/media/E17B-VNXoAIpBCo.jpg', 'https://pbs.twimg.com/media/E17B-V-WQAEDkDZ.jpg', 'https://pbs.twimg.com/media/E17B-V3XoAQ-_Xd.jpg']",4382,4207,28911,[],[],https://twitter.com/IDF/status/1395766221547638788,False,,1,https://pbs.twimg.com/media/E17B-VNXoAIpBCo.jpg,,,,,,,[],,,,
1395511881863925760,1395511881863925760,2021-05-21 01:48:54 ???? ??? ???????,2021-05-21,01:48:54,+0300,18576537,idf,Israel Defense Forces,,"More rockets are being fired at southern Israel from Gaza.   An important reminder:  4,340+ rockets have been fired at Israel since last Monday by terrorists in Gaza.",en,[],[],[],7770,3873,15268,[],[],https://twitter.com/IDF/status/1395511881863925760,False,,0,,,,,,,,[],,,,
1395466094261964806,1395466094261964806,2021-05-20 22:46:58 ???? ??? ???????,2021-05-20,22:46:58,+0300,18576537,idf,Israel Defense Forces,,🚨RIGHT NOW: Sirens sounding in southern Israel🚨  https://t.co/q4P0BwOTyx,en,[],[],['https://pbs.twimg.com/media/E12xAklXoAQN0aj.jpg'],1342,1057,4517,[],[],https://twitter.com/IDF/status/1395466094261964806,False,,1,https://pbs.twimg.com/media/E12xAklXoAQN0aj.jpg,,,,,,,[],,,,
1395458367938834440,1395458367938834440,2021-05-20 22:16:15 ???? ??? ???????,2021-05-20,22:16:15,+0300,18576537,idf,Israel Defense Forces,,"OPERATIONAL UPDATE: Since this morning, 300 rockets have been fired at Israel from Gaza.   In response, we struck ~30 rocket launching posts &amp; a number of terrorists launching rockets into Israel.  We will continue to defend Israel.",en,[],[],[],1119,1788,9470,[],[],https://twitter.com/IDF/status/1395458367938834440,False,,0,,,,,,,,[],,,,
1395450267055923200,1395450267055923200,2021-05-20 21:44:04 ???? ??? ???????,2021-05-20,21:44:04,+0300,18576537,idf,Israel Defense Forces,,"It's not easy fighting a terrorist organization that embeds its military infrastructure in civilian areas.   We use the latest military technology to precisely strike Hamas targets, while minimizing damage to the surrounding areas.  Take a look:  https://t.co/oSXDZTVZlW",en,[],[],[],1142,1962,7588,[],[],https://twitter.com/IDF/status/1395450267055923200,False,,1,https://pbs.twimg.com/ext_tw_video_thumb/1395450186105860104/pu/img/eyb1EQ4VBI0LYz8O.jpg,,,,,,,[],,,,
1395399472377651206,1395399472377651206,2021-05-20 18:22:14 ???? ??? ???????,2021-05-20,18:22:14,+0300,18576537,idf,Israel Defense Forces,,"Ashkelon is just 8 miles from Gaza.  When rockets are fired from Gaza, Ashkelon's residents have only 30 seconds to run for shelter.  In the last 11 days, air raid sirens have sounded 389 times there.   That's 389 times too many.  We will defend our civilians.  https://t.co/skxCNIDjyF",en,[],[],['https://pbs.twimg.com/media/E110af0XoAcRUTr.jpg'],990,1913,8608,[],[],https://twitter.com/IDF/status/1395399472377651206,False,,1,https://pbs.twimg.com/media/E110af0XoAcRUTr.jpg,,,,,,,[],,,,
1395361454870704133,1395361454870704133,2021-05-20 15:51:10 ???? ??? ???????,2021-05-20,15:51:10,+0300,18576537,idf,Israel Defense Forces,,"In response to the continuing rocket fire from Gaza into Israel, we just struck 2 Hamas terror tunnels under construction and a military tunnel entrance located inside a building in Gaza.  https://t.co/7Gs13DYNzG",en,[],[],['https://pbs.twimg.com/tweet_video_thumb/E11RySmWYAUS03c.jpg'],1024,937,4903,[],[],https://twitter.com/IDF/status/1395361454870704133,False,,1,https://pbs.twimg.com/tweet_video_thumb/E11RySmWYAUS03c.jpg,,,,,,,[],,,,
1395352365813874689,1395352365813874689,2021-05-20 15:15:03 ???? ??? ???????,2021-05-20,15:15:03,+0300,18576537,idf,Israel Defense Forces,,🚨ROCKET ATTACK: Sirens sounding in the city of Beersheba🚨,en,[],[],[],694,1289,6765,[],[],https://twitter.com/IDF/status/1395352365813874689,False,,0,,,,,,,,[],,,,
1395330935030177794,1395330935030177794,2021-05-20 13:49:53 ???? ??? ???????,2021-05-20,13:49:53,+0300,18576537,idf,Israel Defense Forces,,"Jews. Muslims. Christians. Druze.  Over the last 11 days, Hamas has fired rockets indiscriminately at all Israeli citizens.  In response, we have been precisely targeting the source of terrorism in Gaza—and we will continue to do so.",en,[],[],[],1579,2595,12746,[],[],https://twitter.com/IDF/status/1395330935030177794,False,,0,,,,,,,,[],,,,
1395315517322301440,1395315517322301440,2021-05-20 12:48:37 ???? ??? ???????,2021-05-20,12:48:37,+0300,18576537,idf,Israel Defense Forces,,"Over the last 11 days, Hamas has fired hundreds of rockets from Gaza at Israel's largest metropolitan area, Tel Aviv.  We struck 2 underground rocket launchers used to fire those rockets.  We hold Hamas accountable for acts of terror against Israeli civilians.",en,[],[],[],701,1202,5834,[],[],https://twitter.com/IDF/status/1395315517322301440,False,,0,,,,,,,,[],,,,
1395309104214781954,1395309104214781954,2021-05-20 12:23:08 ???? ??? ???????,2021-05-20,12:23:08,+0300,18576537,idf,Israel Defense Forces,,"A short while ago, an anti-tank missile was fired from northern Gaza toward an empty bus in Israel. An IDF soldier who was near the bus was lightly injured by shrapnel.",en,[],[],[],672,1216,6265,[],[],https://twitter.com/IDF/status/1395309104214781954,False,,0,,,,,,,,[],,,,
1395282618871160841,1395282618871160841,2021-05-20 10:37:54 ???? ??? ???????,2021-05-20,10:37:54,+0300,18576537,idf,Israel Defense Forces,,An IDF fighter jet just struck a Hamas multi-barrel rocket launcher in Gaza which was armed with 5 rockets ready to target Israeli civilians.  We will continue to defend Israelis from Hamas terrorism.,en,[],[],[],965,1638,9575,[],[],https://twitter.com/IDF/status/1395282618871160841,False,,0,,,,,,,,[],,,,
1395266767136731139,1395266767136731139,2021-05-20 09:34:54 ???? ??? ???????,2021-05-20,09:34:54,+0300,18576537,idf,Israel Defense Forces,,"🚨After over 8 hours of quiet, sirens are sounding in southern Israel once again.",en,[],[],[],691,1384,7638,[],[],https://twitter.com/IDF/status/1395266767136731139,False,,0,,,,,,,,[],,,,
1395222333384691715,1395222333384691715,2021-05-20 06:38:20 ???? ??? ???????,2021-05-20,06:38:20,+0300,18576537,idf,Israel Defense Forces,,"Hamas has spent the last decade building the 'Metro' terror tunnel network.  In just 5 days, we neutralized it:  https://t.co/aobcEJcg4t",en,[],[],[],1448,3838,12130,[],[],https://twitter.com/IDF/status/1395222333384691715,False,,1,https://pbs.twimg.com/media/E10DnofXsAcOx4V.jpg,,,,,,,[],,,,
1395200947526197248,1395200947526197248,2021-05-20 05:13:22 ???? ??? ???????,2021-05-20,05:13:22,+0300,18576537,idf,Israel Defense Forces,,What you're seeing: Yet another rocket launched by terrorists that misfired &amp; fell back into Gaza tonight.  Why it matters: The people of Gaza are endangered every time it happens.  https://t.co/rOhSal7nZH,en,[],[],[],1061,2252,6740,[],[],https://twitter.com/IDF/status/1395200947526197248,False,,1,https://pbs.twimg.com/ext_tw_video_thumb/1395200910406688769/pu/img/KHN9-mji1m3_YX-n.jpg,,,,,,,[],,,,
1395179748112863240,1395179540260007940,2021-05-20 03:49:07 ???? ??? ???????,2021-05-20,03:49:07,+0300,18576537,idf,Israel Defense Forces,,(4/4)  https://t.co/wK6atL6TbS,und,[],[],['https://pbs.twimg.com/media/E1yslMGWQAE4jks.jpg'],153,643,2810,[],[],https://twitter.com/IDF/status/1395179748112863240,False,,1,https://pbs.twimg.com/media/E1yslMGWQAE4jks.jpg,,,,,,,[],,,,
1395179670748999683,1395179540260007940,2021-05-20 03:48:49 ???? ??? ???????,2021-05-20,03:48:49,+0300,18576537,idf,Israel Defense Forces,,(3/4)  https://t.co/znKQpuHsXy,und,[],[],['https://pbs.twimg.com/media/E1ysgv2WUAIZZer.jpg'],98,665,2892,[],[],https://twitter.com/IDF/status/1395179670748999683,False,,1,https://pbs.twimg.com/media/E1ysgv2WUAIZZer.jpg,,,,,,,[],,,,
1395179605955424260,1395179540260007940,2021-05-20 03:48:33 ???? ??? ???????,2021-05-20,03:48:33,+0300,18576537,idf,Israel Defense Forces,,(2/4)  https://t.co/5UZF1fWqR4,und,[],[],['https://pbs.twimg.com/media/E1ysc7ZXEAEJiYT.jpg'],45,352,1341,[],[],https://twitter.com/IDF/status/1395179605955424260,False,,1,https://pbs.twimg.com/media/E1ysc7ZXEAEJiYT.jpg,,,,,,,[],,,,
1395179540260007940,1395179540260007940,2021-05-20 03:48:18 ???? ??? ???????,2021-05-20,03:48:18,+0300,18576537,idf,Israel Defense Forces,,"Hamas could be investing in Gazan civilians. Instead, Gazans are paying the price: (1/4)  https://t.co/aNZ3h3TlQp",en,[],[],['https://pbs.twimg.com/media/E1ysYOvXMAA6bwQ.jpg'],632,1452,5460,[],[],https://twitter.com/IDF/status/1395179540260007940,False,,1,https://pbs.twimg.com/media/E1ysYOvXMAA6bwQ.jpg,,,,,,,[],,,,
1395168051079925767,1395168051079925767,2021-05-20 03:02:39 ???? ??? ???????,2021-05-20,03:02:39,+0300,18576537,idf,Israel Defense Forces,,"In the last 24 hours, our aircraft struck Hamas aerial defense compounds &amp; a large number of Hamas multi-barrel rocket launchers aimed at Israel.  We will continue to operate to ensure the safety of Israeli civilians.  https://t.co/c0ewqwFqOZ",en,[],[],[],620,1476,5839,[],[],https://twitter.com/IDF/status/1395168051079925767,False,,1,https://pbs.twimg.com/amplify_video_thumb/1395167332218163202/img/j8unFINr1uosWYUk.jpg,,,,,,,[],,,,
1395128582742192131,1395128582742192131,2021-05-20 00:25:49 ???? ??? ???????,2021-05-20,00:25:49,+0300,18576537,idf,Israel Defense Forces,,"Look closely: This photo was taken right after Hamas launched a barrage of rockets at Israel from a residential area in Gaza. Look what's near the launch site: schools, a UN building, a health center, mosques, and dozens of apartment buildings.   Hamas puts everyone in danger.  https://t.co/dVPpUUJVy3",en,[],[],['https://pbs.twimg.com/media/E1x-Cy1WYAcfFck.jpg'],1260,3762,10475,[],[],https://twitter.com/IDF/status/1395128582742192131,False,,1,https://pbs.twimg.com/media/E1x-Cy1WYAcfFck.jpg,,,,,,,[],,,,
1395111429590732803,1395111429590732803,2021-05-19 23:17:39 ???? ??? ???????,2021-05-19,23:17:39,+0300,18576537,idf,Israel Defense Forces,,"May 18: Israel opens the Erez Crossing to give humanitarian aid. Terrorists fire mortar shells at the crossing.  May 19: Israel opens the Kerem Shalom Crossing to give humanitarian aid. Terrorists fire mortar shells, again.  Hamas is depriving Gazans of vital humanitarian aid.",en,[],[],[],653,3035,10425,[],[],https://twitter.com/IDF/status/1395111429590732803,False,,0,,,,,,,,[],,,,
1395069007120814080,1395069007120814080,2021-05-19 20:29:05 ???? ??? ???????,2021-05-19,20:29:05,+0300,18576537,idf,Israel Defense Forces,,"Not 1. Not 2. Not 3.  4,000 rockets were fired from Gaza toward Israel in the last 10 days.  We will continue to defend Israel.  https://t.co/fnwgs6U1rt",en,[],[],[],2136,5424,16351,[],[],https://twitter.com/IDF/status/1395069007120814080,False,,1,https://pbs.twimg.com/ext_tw_video_thumb/1395068952485761030/pu/img/i3NO77rXeovcVcwD.jpg,,,,,,,[],,,,
1395039658552221703,1395039658552221703,2021-05-19 18:32:27 ???? ??? ???????,2021-05-19,18:32:27,+0300,18576537,idf,Israel Defense Forces,,A terrorist armed with an M-16 assault rifle arrived at Elias junction near Hebron.  The terrorist started shooting while advancing towards IDF troops &amp; civilians at a bus stop.  2 IDF soldiers shot &amp; neutralized her. No IDF injuries were reported.  https://t.co/3kPWUHQoiG,en,[],[],[],1277,1903,7691,[],[],https://twitter.com/IDF/status/1395039658552221703,False,,1,https://pbs.twimg.com/ext_tw_video_thumb/1395039584187260929/pu/img/gTPH1-XIgZR6rYzq.jpg,,,,,,,[],,,,
1395015386299523076,1395015386299523076,2021-05-19 16:56:00 ???? ??? ???????,2021-05-19,16:56:00,+0300,18576537,idf,Israel Defense Forces,,"4 rockets were just fired from Lebanon at northern Israel, 1 of which was intercepted by the Iron Dome.  In response, IDF artillery forces are striking a number of targets in Lebanon.   We are prepared for any scenario on any front.",en,[],[],[],2268,4252,19040,[],[],https://twitter.com/IDF/status/1395015386299523076,False,,0,,,,,,,,[],,,,
1395006372111060994,1395006372111060994,2021-05-19 16:20:11 ???? ??? ???????,2021-05-19,16:20:11,+0300,18576537,idf,Israel Defense Forces,,🚨 Sirens sounding in northern Israel 🚨  https://t.co/YJ5zGvv5uv,en,[],[],['https://pbs.twimg.com/media/E1wO5d3XIAEcart.jpg'],691,848,4215,[],[],https://twitter.com/IDF/status/1395006372111060994,False,,1,https://pbs.twimg.com/media/E1wO5d3XIAEcart.jpg,,,,,,,[],,,,
1394987181022879746,1394987181022879746,2021-05-19 15:03:56 ???? ??? ???????,2021-05-19,15:03:56,+0300,18576537,idf,Israel Defense Forces,,🚨 Sirens sounding in southern Israel 🚨  https://t.co/LmrQXplJpK,en,[],[],['https://pbs.twimg.com/tweet_video_thumb/E1v9VuSX0AIkYH1.jpg'],692,647,3079,[],[],https://twitter.com/IDF/status/1394987181022879746,False,,1,https://pbs.twimg.com/tweet_video_thumb/E1v9VuSX0AIkYH1.jpg,,,,,,,[],,,,
1394905094651621378,1394905094651621378,2021-05-19 09:37:45 ???? ??? ???????,2021-05-19,09:37:45,+0300,18576537,idf,Israel Defense Forces,,"See it with your own eyes: Hamas turned a civilian structure in Gaza into a rocket launch site ready to fire rockets at Israel.   Under intl. law, a civilian structure used for military purposes is a legitimate military target.  We gave civilians time to evacuate, and then...  https://t.co/YJmPMv5Hnr",en,[],[],[],2689,4747,15223,[],[],https://twitter.com/IDF/status/1394905094651621378,False,,1,https://pbs.twimg.com/ext_tw_video_thumb/1394904898580492288/pu/img/m2eyidSwzUDuU6NJ.jpg,,,,,,,[],,,,
1394848115522478080,1394848115522478080,2021-05-19 05:51:20 ???? ??? ???????,2021-05-19,05:51:20,+0300,18576537,idf,Israel Defense Forces,,🚨 Sirens sounding in southern Israel 🚨  Israelis are being woken up again by the warning of incoming rocket fire.,en,[],[],[],1596,1971,9462,[],[],https://twitter.com/IDF/status/1394848115522478080,False,,0,,,,,,,,[],,,,
1394757041693077520,1394757041693077520,2021-05-18 23:49:26 ???? ??? ???????,2021-05-18,23:49:26,+0300,18576537,idf,Israel Defense Forces,,🚨BARRAGES OF ROCKETS ARE BEING FIRED AT ISRAEL FOR THE 9TH NIGHT IN A ROW🚨,en,[],[],[],1974,2964,11020,[],[],https://twitter.com/IDF/status/1394757041693077520,False,,0,,,,,,,,[],,,,
1394667705173688326,1394667705173688326,2021-05-18 17:54:27 ???? ??? ???????,2021-05-18,17:54:27,+0300,18576537,idf,Israel Defense Forces,,Israel fights to protect its civilians. Hamas uses civilians to protect itself.  https://t.co/J6WVye1Lqy,en,[],[],[],3881,5439,14057,[],[],https://twitter.com/IDF/status/1394667705173688326,False,,1,https://pbs.twimg.com/media/E1rawBVXoAEJpEJ.jpg,,,,,,,[],,,,
1394624113621229569,1394624113621229569,2021-05-18 15:01:14 ???? ??? ???????,2021-05-18,15:01:14,+0300,18576537,idf,Israel Defense Forces,,"Just after Israel re-opened the Erez Crossing from Israel into Gaza to allow the entry of civilian aid, a mortar shell was fired at the crossing from Gaza, lightly injuring an IDF soldier.  Hamas prioritizes attacks on Israel over humanitarian aid for Gazans.",en,[],[],[],1809,3146,10545,[],[],https://twitter.com/IDF/status/1394624113621229569,False,,0,,,,,,,,[],,,,
1394617194735099908,1394617194735099908,2021-05-18 14:33:44 ???? ??? ???????,2021-05-18,14:33:44,+0300,18576537,idf,Israel Defense Forces,,🚨 ROCKET ATTACK: Sirens sounding across southern Israel 🚨,en,[],[],[],934,1376,7310,[],[],https://twitter.com/IDF/status/1394617194735099908,False,,0,,,,,,,,[],,,,
1394611640394518528,1394611640394518528,2021-05-18 14:11:40 ???? ??? ???????,2021-05-18,14:11:40,+0300,18576537,idf,Israel Defense Forces,,The Iron Dome Aerial Defense System has one purpose—to intercept rockets mid-air before they can kill Israeli civilians.  We will not apologize for saving lives.  https://t.co/J0U8ct9bCt,en,[],[],[],1726,5042,17334,[],[],https://twitter.com/IDF/status/1394611640394518528,False,,1,https://pbs.twimg.com/media/E1qnCXSWYAEblxs.jpg,,,,,,,[],,,,
1394605729525518338,1394605729525518338,2021-05-18 13:48:11 ???? ??? ???????,2021-05-18,13:48:11,+0300,18576537,idf,Israel Defense Forces,,Our aircraft just struck an Islamic Jihad terror squad in central Gaza.  The squad was struck while preparing to launch rockets toward Israel.,en,[],[],[],1009,1987,11918,[],[],https://twitter.com/IDF/status/1394605729525518338,False,,0,,,,,,,,[],,,,
1394601621401874432,1394601621401874432,2021-05-18 13:31:51 ???? ??? ???????,2021-05-18,13:31:51,+0300,18576537,idf,Israel Defense Forces,,"Since 8:00 this morning, we have identified and struck 9 underground &amp; above-ground rocket launch sites in Gaza.  We will continue to operate against terrorism.",en,[],[],[],1062,1821,10692,[],[],https://twitter.com/IDF/status/1394601621401874432,False,,0,,,,,,,,[],,,,
1394582352895094786,1394582352895094786,2021-05-18 12:15:17 ???? ??? ???????,2021-05-18,12:15:17,+0300,18576537,idf,Israel Defense Forces,,"An assailant armed with an IED, an improvised ""Carlo"" submachine gun, &amp; a knife arrived in Hebron, and attempted a combined attack on IDF soldiers.  Our soldiers spotted the assailant, responded with fire &amp; neutralized him.",en,[],[],[],1073,1174,6896,[],[],https://twitter.com/IDF/status/1394582352895094786,False,,0,,,,,,,,[],,,,
1394579573749293062,1394579573749293062,2021-05-18 12:04:15 ???? ??? ???????,2021-05-18,12:04:15,+0300,18576537,idf,Israel Defense Forces,,"After 6 hours of silence, sirens are sounding again in southern Israel.",en,[],[],[],968,1301,7881,[],[],https://twitter.com/IDF/status/1394579573749293062,False,,0,,,,,,,,[],,,,
1394552613220257796,1394552613220257796,2021-05-18 10:17:07 ???? ??? ???????,2021-05-18,10:17:07,+0300,18576537,idf,Israel Defense Forces,,A UAV approached the Israeli border near the Jordan Valley earlier this morning. It was later intercepted by the Israeli Air Force.,en,[],[],[],784,1019,7085,[],[],https://twitter.com/IDF/status/1394552613220257796,False,,0,,,,,,,,[],,,,
1394534251912175618,1394534251912175618,2021-05-18 09:04:09 ???? ??? ???????,2021-05-18,09:04:09,+0300,18576537,idf,Israel Defense Forces,,"Overnight, we struck terror targets in Gaza City: 🔺rocket launch sites aimed at Tel Aviv &amp; across Israel 🔺~65 terror targets in the Hamas 'Metro' tunnel system  🔺a Hamas Anti-Tank Missile squad  Hamas proves again that it deliberately places military targets in civilian areas.",en,[],[],[],1135,1591,7807,[],[],https://twitter.com/IDF/status/1394534251912175618,False,,0,,,,,,,,[],,,,
1394481542492168194,1394481542492168194,2021-05-18 05:34:42 ???? ??? ???????,2021-05-18,05:34:42,+0300,18576537,idf,Israel Defense Forces,,🚨 Sirens sounding in southern Israel 🚨,en,[],[],[],1363,1353,8389,[],[],https://twitter.com/IDF/status/1394481542492168194,False,,0,,,,,,,,[],,,,
1394422485219778564,1394422485219778564,2021-05-18 01:40:02 ???? ??? ???????,2021-05-18,01:40:02,+0300,18576537,idf,Israel Defense Forces,,"If you won't listen to us, listen to them:  https://t.co/6NkklMHWh8",en,[],[],[],6219,14008,27514,[],[],https://twitter.com/IDF/status/1394422485219778564,False,,1,https://pbs.twimg.com/media/E1n7ui9XoAI_PQI.jpg,,,,,,,[],,,,
1394396698630361092,1394396698630361092,2021-05-17 23:57:34 ???? ??? ???????,2021-05-17,23:57:34,+0300,18576537,idf,Israel Defense Forces,,"6 rockets were just fired from Lebanon toward northern Israel, all of which fell inside Lebanon.  In response, our artillery forces fired toward the sources of the launches.",en,[],[],[],1975,4464,21373,[],[],https://twitter.com/IDF/status/1394396698630361092,False,,0,,,,,,,,[],,,,
1394344540199391232,1394344540199391232,2021-05-17 20:30:18 ???? ??? ???????,2021-05-17,20:30:18,+0300,18576537,idf,Israel Defense Forces,,IDF fighter jets struck the main operations center of the Hamas internal security forces in northern Gaza. The operations center was a central part of Hamas' terror infrastructure.  We provided advance warning to those inside &amp; allowed sufficient time to evacuate.  https://t.co/uJ9LQsRAHo,en,[],[],[],1655,2584,10966,[],[],https://twitter.com/IDF/status/1394344540199391232,False,,1,https://pbs.twimg.com/ext_tw_video_thumb/1394344456032239616/pu/img/0fWff_5KPFnDr8Vb.jpg,,,,,,,[],,,,
1394312257664950279,1394312257664950279,2021-05-17 18:22:01 ???? ??? ???????,2021-05-17,18:22:01,+0300,18576537,idf,Israel Defense Forces,,"Exactly 1 week ago, Hamas fired rockets at Israel's capital, Jerusalem.  This is what the week in Israel has looked like since:  https://t.co/JEKQ0fILWY",en,[],[],[],2833,3666,10099,[],[],https://twitter.com/IDF/status/1394312257664950279,False,,1,https://pbs.twimg.com/media/E1mXWgYWUAsZZGG.jpg,,,,,,,[],,,,
1394272890867134469,1394272890867134469,2021-05-17 15:45:36 ???? ??? ???????,2021-05-17,15:45:36,+0300,18576537,idf,Israel Defense Forces,,"This is the moment we targeted Islamic Jihad Northern Division Commander in Gaza, Hussam Abu Harbid.  As an Islamic Jihad commander for 15 years, he was behind rocket launches, shootings, &amp; anti-tank missile attacks on Israel.  He won't be committing any more terrorist attacks.  https://t.co/hbwFsSjjq3",en,[],[],[],2852,3337,15084,[],[],https://twitter.com/IDF/status/1394272890867134469,False,,1,https://pbs.twimg.com/ext_tw_video_thumb/1394272852099092480/pu/img/Rvt0ObLJW4Fqvz--.jpg,,,,,,,[],,,,
1394240527499993088,1394240527499993088,2021-05-17 13:37:00 ???? ??? ???????,2021-05-17,13:37:00,+0300,18576537,idf,Israel Defense Forces,,🚨 Sirens sounding again in southern Israel 🚨  https://t.co/tuZmk7g90M,en,[],[],['https://pbs.twimg.com/tweet_video_thumb/E1lWTuEXEAEF8EY.jpg'],1209,773,4023,[],[],https://twitter.com/IDF/status/1394240527499993088,False,,1,https://pbs.twimg.com/tweet_video_thumb/E1lWTuEXEAEF8EY.jpg,,,,,,,[],,,,
1394203613216616454,1394203613216616454,2021-05-17 11:10:19 ???? ??? ???????,2021-05-17,11:10:19,+0300,18576537,idf,Israel Defense Forces,,🚨 Sirens sounding in southern Israel🚨,en,[],[],[],1875,1174,8284,[],[],https://twitter.com/IDF/status/1394203613216616454,False,,0,,,,,,,,[],,,,
1394196263512457220,1394196263512457220,2021-05-17 10:41:06 ???? ??? ???????,2021-05-17,10:41:06,+0300,18576537,idf,Israel Defense Forces,,"In response to non-stop rocket fire on Israeli civilians, the IDF launched Operation Guardian of the Walls one week ago. Here's what's happened so far:  https://t.co/sBcXSKxiMz",en,[],[],['https://pbs.twimg.com/media/E1kuG8FWYAES5aN.jpg'],2198,3063,11948,[],[],https://twitter.com/IDF/status/1394196263512457220,False,,1,https://pbs.twimg.com/media/E1kuG8FWYAES5aN.jpg,,,,,,,[],,,,
1394164053006770176,1394164053006770176,2021-05-17 08:33:07 ???? ??? ???????,2021-05-17,08:33:07,+0300,18576537,idf,Israel Defense Forces,,What’s 9.3 miles (15 km)?   163 football fields 46 Eiffel Towers 34 Empire State Buildings 18 Burj Khalifas Nearly 2 Mt. Everests  Our fighter jets neutralized 9.3 miles of the Hamas 'Metro' terror tunnel system overnight.   That's 9.3 miles that can no longer be used for terror.,en,[],[],[],3374,9510,48656,[],[],https://twitter.com/IDF/status/1394164053006770176,False,,0,,,,,,,,[],,,,
1394093477370159110,1394093477370159110,2021-05-17 03:52:40 ???? ??? ???????,2021-05-17,03:52:40,+0300,18576537,idf,Israel Defense Forces,,🚨 RIGHT NOW: Sirens sounding in southern Israel 🚨,en,[],[],[],2096,1195,6759,[],[],https://twitter.com/IDF/status/1394093477370159110,False,,0,,,,,,,,[],,,,
1394081456524234753,1394081440615256071,2021-05-17 03:04:54 ???? ??? ???????,2021-05-17,03:04:54,+0300,18576537,idf,Israel Defense Forces,,"2/2 Depending on the target, some measures include:  ▪️planning the angle &amp; time of the attack ▪️operational analysis of expected civilian harm ▪️advanced warning ▪️roof knocking   Hamas endangers its own civilians; we aim to minimize harm to all civilians.",en,[],[],[],731,1203,5943,[],[],https://twitter.com/IDF/status/1394081456524234753,False,,0,,,,,,,,[],,,,
1394081440615256071,1394081440615256071,2021-05-17 03:04:50 ???? ??? ???????,2021-05-17,03:04:50,+0300,18576537,idf,Israel Defense Forces,,"1/2 Hamas deliberately hides military targets in residential buildings and civilian areas.   When we plan a target, we dedicate resources to minimize civilian harm. These measures depend on feasibility, available resources, time &amp; available information.  https://t.co/BBPVNNTUvI",en,[],[],"['https://pbs.twimg.com/media/E1jFrO8XIAIArSw.jpg', 'https://pbs.twimg.com/media/E1jFrO_WYAItHb9.jpg', 'https://pbs.twimg.com/media/E1jFrO_WQAAWJ8N.jpg', 'https://pbs.twimg.com/media/E1jFrO_XsAIOhok.jpg']",1990,3112,11450,[],[],https://twitter.com/IDF/status/1394081440615256071,False,,1,https://pbs.twimg.com/media/E1jFrO8XIAIArSw.jpg,,,,,,,[],,,,
1394063526721990663,1394063526721990663,2021-05-17 01:53:39 ???? ??? ???????,2021-05-17,01:53:39,+0300,18576537,idf,Israel Defense Forces,,Our fighter jets are currently striking terror targets in Gaza.,en,[],[],[],2835,2994,22631,[],[],https://twitter.com/IDF/status/1394063526721990663,False,,0,,,,,,,,[],,,,
1394029234524463104,1394029234524463104,2021-05-16 23:37:23 ???? ??? ???????,2021-05-16,23:37:23,+0300,18576537,idf,Israel Defense Forces,,"As Israeli families gather to celebrate the festival of Shavuot, terrorists in Gaza continue to fire rockets toward them in southern Israel.  We will defend our people.  https://t.co/NL2VhyfOJh",en,[],[],['https://pbs.twimg.com/tweet_video_thumb/E1iWJSpX0AM4gBm.jpg'],1345,1192,5702,[],[],https://twitter.com/IDF/status/1394029234524463104,False,,1,https://pbs.twimg.com/tweet_video_thumb/E1iWJSpX0AM4gBm.jpg,,,,,,,[],,,,
1393992449979260928,1393992449979260928,2021-05-16 21:11:13 ???? ??? ???????,2021-05-16,21:11:13,+0300,18576537,idf,Israel Defense Forces,,"Hamas and Islamic Jihad have fired 3,100 rockets from Gaza in the past 7 days. That's the highest daily rate of rocket fire that Israel has faced in the history of the country.   The threat is real. Millions of Israelis are living under fire. We will continue to defend ourselves.",en,[],[],[],3266,6276,23358,[],[],https://twitter.com/IDF/status/1393992449979260928,False,,0,,,,,,,,[],,,,
1393973045409292293,1393973045409292293,2021-05-16 19:54:07 ???? ??? ???????,2021-05-16,19:54:07,+0300,18576537,idf,Israel Defense Forces,,"Hamas and PIJ have fired 2968 rockets at Israel in the past week. 439 of those rockets misfired and crashed into Gaza, causing around 20 Palestinian casualties.  That's 15% of their launches.  Think of it this way: About 1 in 7 rockets that Hamas fires—it fires at its own people.",en,[],[],[],1871,5716,16859,[],[],https://twitter.com/IDF/status/1393973045409292293,False,,0,,,,,,,,[],,,,
1393964945570684929,1393964945570684929,2021-05-16 19:21:56 ???? ??? ???????,2021-05-16,19:21:56,+0300,18576537,idf,Israel Defense Forces,,"In response to the continuing rocket attacks from Gaza at Israel, we struck the entrance of a Hamas tunnel containing military equipment, as well as Hamas Internal Security's offices in Gaza.",en,[],[],[],1486,2407,13649,[],[],https://twitter.com/IDF/status/1393964945570684929,False,,0,,,,,,,,[],,,,
1393943794614247430,1393943794614247430,2021-05-16 17:57:53 ???? ??? ???????,2021-05-16,17:57:53,+0300,18576537,idf,Israel Defense Forces,,"Will the @UN remember today that if they lived in Israel, 70% of their friends and family would be running to bomb shelters too?  https://t.co/uWkc6qVcxv",en,"[{'screen_name': 'un', 'name': 'united nations', 'id': '14159148'}]",[],[],4183,7361,16940,[],[],https://twitter.com/IDF/status/1393943794614247430,False,,1,https://pbs.twimg.com/media/E1hIX33XEAArpck.jpg,,,,,,,[],,,,
1393918524075151364,1393918524075151364,2021-05-16 16:17:28 ???? ??? ???????,2021-05-16,16:17:28,+0300,18576537,idf,Israel Defense Forces,,🚨Sirens sounding in the city of Beersheba🚨  https://t.co/3R75Z0XkxR,en,[],[],['https://pbs.twimg.com/tweet_video_thumb/E1gxcKeXsAMlJk9.jpg'],2007,645,3042,[],[],https://twitter.com/IDF/status/1393918524075151364,False,,1,https://pbs.twimg.com/tweet_video_thumb/E1gxcKeXsAMlJk9.jpg,,,,,,,[],,,,
1393915993475493890,1393915993475493890,2021-05-16 16:07:25 ???? ??? ???????,2021-05-16,16:07:25,+0300,18576537,idf,Israel Defense Forces,,"A short while ago, we struck a warehouse containing weapons, located in the house of a Hamas operative in central Gaza, and a Hamas naval weapons warehouse in southern Gaza.",en,[],[],[],1275,1646,9400,[],[],https://twitter.com/IDF/status/1393915993475493890,False,,0,,,,,,,,[],,,,
1393914836615061504,1393914836615061504,2021-05-16 16:02:49 ???? ??? ???????,2021-05-16,16:02:49,+0300,18576537,idf,Israel Defense Forces,,🚨RIGHT NOW: A barrage of rockets is being fired from Gaza into southern Israel.,en,[],[],[],1283,1561,7415,[],[],https://twitter.com/IDF/status/1393914836615061504,False,,0,,,,,,,,[],,,,
1393891779422924804,1393891779422924804,2021-05-16 14:31:12 ???? ??? ???????,2021-05-16,14:31:12,+0300,18576537,idf,Israel Defense Forces,,This is the damage caused to an Israeli home by just ONE of the 2900 Hamas rockets fired from Gaza into Israel.  Israelis are under attack. We will continue to defend them.  https://t.co/RmKgP0Tn71,en,[],[],[],4008,2639,8425,[],[],https://twitter.com/IDF/status/1393891779422924804,False,,1,https://pbs.twimg.com/ext_tw_video_thumb/1393891682312130560/pu/img/7X51197cGKTG7owm.jpg,,,,,,,[],,,,
1393871700123586563,1393871700123586563,2021-05-16 13:11:24 ???? ??? ???????,2021-05-16,13:11:24,+0300,18576537,idf,Israel Defense Forces,,"We struck military assets in Hamas' intelligence HQ in northern Gaza, significantly harming the terrorist organization's central infrastructure.",en,[],[],[],2056,2208,13856,[],[],https://twitter.com/IDF/status/1393871700123586563,False,,0,,,,,,,,[],,,,
1393854005273575424,1393854005273575424,2021-05-16 12:01:06 ???? ??? ???????,2021-05-16,12:01:06,+0300,18576537,idf,Israel Defense Forces,,Fighting a terrorist organization that operates within civilian areas isn’t easy. Watch as IDF pilots call off a strike because children were there:  https://t.co/N8ycwqwgck,en,[],[],[],7095,5216,19111,[],[],https://twitter.com/IDF/status/1393854005273575424,False,,1,https://pbs.twimg.com/ext_tw_video_thumb/1393853937015574532/pu/img/rQrB9f1sBQoXiwI1.jpg,,,,,,,[],,,,
1393797183313428482,1393797067273867266,2021-05-16 08:15:18 ???? ??? ???????,2021-05-16,08:15:18,+0300,18576537,idf,Israel Defense Forces,,Hamas chooses to hide among civilians as it carries out attacks against Israel.   This choice does not grant Hamas terrorists immunity from IDF strikes.  We will continue to operate in order to defend the people of Israel.  (3/3),en,[],[],[],1175,1343,7646,[],[],https://twitter.com/IDF/status/1393797183313428482,False,,0,,,,,,,,[],,,,
1393797087104483333,1393797067273867266,2021-05-16 08:14:55 ???? ??? ???????,2021-05-16,08:14:55,+0300,18576537,idf,Israel Defense Forces,,We warned civilians in the building about our strike out of concern for their safety &amp; gave them enough time to safely evacuate.   Hamas &amp; Islamic Jihad used this time to take items out of the building. We were willing to pay that price to not harm any civilians.  (2/3),en,[],[],[],865,1377,7452,[],[],https://twitter.com/IDF/status/1393797087104483333,False,,0,,,,,,,,[],,,,
1393797067273867266,1393797067273867266,2021-05-16 08:14:50 ???? ??? ???????,2021-05-16,08:14:50,+0300,18576537,idf,Israel Defense Forces,,"Yesterday, we targeted an important base of operations for Hamas' military intel in Al Jala Tower in Gaza.   The base gathered intel for attacks against Israel, manufactured weapons &amp; positioned equipment to hamper IDF operations.  (1/3)",en,[],[],[],2357,1977,10445,[],[],https://twitter.com/IDF/status/1393797067273867266,False,,0,,,,,,,,[],,,,
1393718102639222784,1393718102639222784,2021-05-16 03:01:04 ???? ??? ???????,2021-05-16,03:01:04,+0300,18576537,idf,Israel Defense Forces,,"Take a look at our Iron Dome in action.   Hamas fired a barrage of rockets into central &amp; southern Israel tonight. With our Iron Dome Aerial Defense System operators in action, these systems help keep Israel's skies safe.  https://t.co/eC79myd2JT",en,[],[],['https://pbs.twimg.com/media/E1d7OSiWEAUM-lc.jpg'],2736,3411,17067,[],[],https://twitter.com/IDF/status/1393718102639222784,False,,1,https://pbs.twimg.com/media/E1d7OSiWEAUM-lc.jpg,,,,,,,[],,,,
1393683797070200834,1393683797070200834,2021-05-16 00:44:45 ???? ??? ???????,2021-05-16,00:44:45,+0300,18576537,idf,Israel Defense Forces,,"After threatening to fire rockets at Tel Aviv, Hamas has fired a heavy barrage of rockets from Gaza into central &amp; southern Israel.   Men, women, children, and the elderly are currently in shelters, protecting themselves from rockets aimed at them.  https://t.co/d2XFFrI54m",en,[],[],['https://pbs.twimg.com/media/E1dcBSsXsAEnjss.jpg'],2401,1518,5673,[],[],https://twitter.com/IDF/status/1393683797070200834,False,,1,https://pbs.twimg.com/media/E1dcBSsXsAEnjss.jpg,,,,,,,[],,,,
1393675159865905153,1393675159865905153,2021-05-16 00:10:26 ???? ??? ???????,2021-05-16,00:10:26,+0300,18576537,idf,Israel Defense Forces,,🚨 🚨 🚨 🚨 🚨 🚨 🚨 🚨 🚨  🚨       Sirens sounding in       🚨  🚨               Tel Aviv                 🚨  🚨 🚨 🚨 🚨 🚨 🚨 🚨 🚨 🚨,ht,[],[],[],1649,1661,8502,[],[],https://twitter.com/IDF/status/1393675159865905153,False,,0,,,,,,,,[],,,,
1393672448478953488,1393672448478953488,2021-05-15 23:59:39 ???? ??? ???????,2021-05-15,23:59:39,+0300,18576537,idf,Israel Defense Forces,,"A short while ago, a Palestinian vehicle broke through a military checkpoint and attempted to run over IDF soldiers southwest of Hebron. An IDF soldier at the scene operated to stop the vehicle according to standard procedures by firing toward it.",en,[],[],[],981,1168,8025,[],[],https://twitter.com/IDF/status/1393672448478953488,False,,0,,,,,,,,[],,,,
1393670887665188866,1393670887665188866,2021-05-15 23:53:27 ???? ??? ???????,2021-05-15,23:53:27,+0300,18576537,idf,Israel Defense Forces,,"Hamas announced that it will fire rockets at Tel Aviv at midnight.   The threat to target a city—to terrorize a population—is itself a violation of international law. If Hamas carries out its threat, it will be violating international law again by targeting civilians.  https://t.co/VZICVTB2hp",en,[],[],['https://pbs.twimg.com/media/E1dQSC2XsAARAye.jpg'],2447,2250,7283,[],[],https://twitter.com/IDF/status/1393670887665188866,False,,1,https://pbs.twimg.com/media/E1dQSC2XsAARAye.jpg,,,,,,,[],,,,
1393603322947457024,1393603322947457024,2021-05-15 19:24:58 ???? ??? ???????,2021-05-15,19:24:58,+0300,18576537,idf,Israel Defense Forces,,"Put yourself in this father's shoes.  You're driving with your newborn baby. Suddenly, you find yourself under rocket fire.   As rockets explode, your only thought is: keep your baby safe.  The IDF will continue to fight against Hamas to protect Israeli civilians.  https://t.co/ctBA0T0y0a",en,[],[],[],13717,6461,20562,[],[],https://twitter.com/IDF/status/1393603322947457024,False,,1,https://pbs.twimg.com/ext_tw_video_thumb/1393603284267671552/pu/img/EexQXDySP6K3IAfW.jpg,,,,,,,[],,,,
1393581534775480322,1393581534775480322,2021-05-15 17:58:24 ???? ??? ???????,2021-05-15,17:58:24,+0300,18576537,idf,Israel Defense Forces,,🚨Sirens sounding in southern Israel🚨,en,[],[],[],2213,1511,8800,[],[],https://twitter.com/IDF/status/1393581534775480322,False,,0,,,,,,,,[],,,,
1393572488597147651,1393572488597147651,2021-05-15 17:22:27 ???? ??? ???????,2021-05-15,17:22:27,+0300,18576537,idf,Israel Defense Forces,,We just thwarted an attempt by Hamas terrorists to launch a drone armed with explosives from Gaza City at Israel.  The drone fell on the launch squad and killed two Hamas operatives.,en,[],[],[],2364,2791,15317,[],[],https://twitter.com/IDF/status/1393572488597147651,False,,0,,,,,,,,[],,,,
1393565656621137920,1393565656621137920,2021-05-15 16:55:18 ???? ??? ???????,2021-05-15,16:55:18,+0300,18576537,idf,Israel Defense Forces,,"After providing advance warning to civilians &amp; time to evacuate, IDF fighter jets struck a multi-story building containing Hamas military intelligence assets.  The building contained civilian media offices, which Hamas hides behind and deliberately uses as human shields.  https://t.co/zeDjEquePD",en,[],[],['https://pbs.twimg.com/media/E1bwk70XIAE5SUY.jpg'],4899,5260,20017,[],[],https://twitter.com/IDF/status/1393565656621137920,False,,1,https://pbs.twimg.com/media/E1bwk70XIAE5SUY.jpg,,,,,,,[],,,,
1393553541067857925,1393553531475484673,2021-05-15 16:07:09 ???? ??? ???????,2021-05-15,16:07:09,+0300,18576537,idf,Israel Defense Forces,,This is the thread the world needs to see.,en,[],[],[],2491,2157,10876,[],[],https://twitter.com/IDF/status/1393553541067857925,False,,0,,,,,,,,[],,,,
1393553539788591114,1393553531475484673,2021-05-15 16:07:09 ???? ??? ???????,2021-05-15,16:07:09,+0300,18576537,idf,Israel Defense Forces,,6/ All the multi-story buildings targeted by the IDF were used for military purposes within each building.,en,[],[],[],740,1514,8385,[],[],https://twitter.com/IDF/status/1393553539788591114,False,,0,,,,,,,,[],,,,
1393553538505232388,1393553531475484673,2021-05-15 16:07:09 ???? ??? ???????,2021-05-15,16:07:09,+0300,18576537,idf,Israel Defense Forces,,"5/ We'll say it again: When Hamas places military assets inside such a building, it becomes a lawful military target. This is clear international law.",en,[],[],[],915,1860,8296,[],[],https://twitter.com/IDF/status/1393553538505232388,False,,0,,,,,,,,[],,,,
1393553536777134082,1393553531475484673,2021-05-15 16:07:08 ???? ??? ???????,2021-05-15,16:07:08,+0300,18576537,idf,Israel Defense Forces,,"4/ We called the building's residents and warned them to leave. We sent SMS messages. We dropped ""roof knocker"" bombs; they make loud noises and hit only the roof. We provided sufficient time to evacuate.",en,[],[],[],358,1333,6189,[],[],https://twitter.com/IDF/status/1393553536777134082,False,,0,,,,,,,,[],,,,
1393553535447539716,1393553531475484673,2021-05-15 16:07:08 ???? ??? ???????,2021-05-15,16:07:08,+0300,18576537,idf,Israel Defense Forces,,"3/ The Israel Defense Forces struck a number of such buildings in recent days, but before we did so, we took steps to try and ensure that civilians would not be harmed.",en,[],[],[],271,1104,5547,[],[],https://twitter.com/IDF/status/1393553535447539716,False,,0,,,,,,,,[],,,,
1393553534218604552,1393553531475484673,2021-05-15 16:07:08 ???? ??? ???????,2021-05-15,16:07:08,+0300,18576537,idf,Israel Defense Forces,,"2/ When Hamas uses a tall building for military purposes, it becomes a lawful military target.",en,[],[],[],549,1225,5822,[],[],https://twitter.com/IDF/status/1393553534218604552,False,,0,,,,,,,,[],,,,
1393553532633092097,1393553531475484673,2021-05-15 16:07:07 ???? ??? ???????,2021-05-15,16:07:07,+0300,18576537,idf,Israel Defense Forces,,"1/ Hamas has turned residential areas in the Gaza Strip into military strongholds.   It uses tall buildings in Gaza for multiple military purposes such as intelligence gathering, planning attacks, command and control, and communications.",en,[],[],[],734,1528,6084,[],[],https://twitter.com/IDF/status/1393553532633092097,False,,0,,,,,,,,[],,,,
